category,start_year,end_year,divergence,n_matched_ages,divergence_smoothed
PTS_per36,1955,1969,0.19329626298021962,11,0.19720159544378915
PTS_per36,1956,1970,0.17118390748519735,11,0.19796901631312702
PTS_per36,1957,1971,0.22712461586595054,12,0.19216241394394787
PTS_per36,1958,1972,0.20027127892114058,12,0.18316097839923207
PTS_per36,1959,1973,0.16893600446723123,12,0.1751212853752088
PTS_per36,1960,1974,0.14828908525664067,12,0.15074517702250784
PTS_per36,1961,1975,0.1309854423650809,12,0.1350096051171557
PTS_per36,1962,1976,0.10524407410244575,12,0.12435078071694897
PTS_per36,1963,1977,0.12159341939438004,13,0.11477033259650796
PTS_per36,1964,1978,0.1156418824661975,13,0.1029584836276201
PTS_per36,1965,1979,0.10038684465443552,13,0.09928567488500407
PTS_per36,1966,1980,0.07192619752064168,14,0.09834661893090754
PTS_per36,1967,1981,0.0868800303893656,14,0.09814701486423646
PTS_per36,1968,1982,0.11689813962389746,14,0.09699636143485464
PTS_per36,1969,1983,0.11464386213284207,14,0.1015866249210873
PTS_per36,1970,1984,0.09463357750752634,14,0.10518439988871049
PTS_per36,1971,1985,0.09487751495180506,14,0.109288230485344
PTS_per36,1972,1986,0.10486890522748153,14,0.10784575930475619
PTS_per36,1973,1987,0.13741729260706495,14,0.10967231223675997
PTS_per36,1974,1988,0.10743150622990304,14,0.10932346352651227
PTS_per36,1975,1989,0.10376634216754531,14,0.10009362680350153
PTS_per36,1976,1990,0.09313327140056656,14,0.08851832334905733
PTS_per36,1977,1991,0.058719721612427805,14,0.08154163104492954
PTS_per36,1978,1992,0.07954077533484401,15,0.07354008396410314
PTS_per36,1979,1993,0.07254804470926404,15,0.06734273287307517
PTS_per36,1980,1994,0.0637586067634132,15,0.06978190607712757
PTS_per36,1981,1995,0.062146515945426806,15,0.07054872649501823
PTS_per36,1982,1996,0.07091558763268982,15,0.0745471454062693
PTS_per36,1983,1997,0.08337487742429732,16,0.0773905726227176
PTS_per36,1984,1998,0.09254013926551936,16,0.09963919817796454
PTS_per36,1985,1999,0.07797574284565474,16,0.11188864161278618
PTS_per36,1986,2000,0.17338964372166146,18,0.11579194420212317
PTS_per36,1987,2001,0.13216280480679798,18,0.12098634674977549
PTS_per36,1988,2002,0.10289139037098234,18,0.14519681278379853
PTS_per36,1989,2003,0.11851215200378087,19,0.13814860504933282
PTS_per36,1990,2004,0.19902807301577002,20,0.14014387179684443
TRB_per36,1955,1969,0.06751821892944938,11,0.051686425192330354
TRB_per36,1956,1970,0.04896846064210209,11,0.047176452217792264
TRB_per36,1957,1971,0.038572596005439594,12,0.043137554281816856
TRB_per36,1958,1972,0.03364653329417799,12,0.03501084203689005
TRB_per36,1959,1973,0.026981962537915218,12,0.030644077265527158
TRB_per36,1960,1974,0.026884657704815355,12,0.030196863448285517
TRB_per36,1961,1975,0.027134636785287634,12,0.0529305535164585
TRB_per36,1962,1976,0.036336526919231386,12,0.0657945595059938
TRB_per36,1963,1977,0.1473149836350429,13,0.07713532010215186
TRB_per36,1964,1978,0.0913019924855918,13,0.09233051031187599
TRB_per36,1965,1979,0.0835884606856056,13,0.10511273455037107
TRB_per36,1966,1980,0.1031105878339083,14,0.09676750044107119
TRB_per36,1967,1981,0.10024764811170678,14,0.09459672577852708
TRB_per36,1968,1982,0.10558881308854343,14,0.09648470473454974
TRB_per36,1969,1983,0.0804481191728713,14,0.09286550756493875
TRB_per36,1970,1984,0.09302835546571889,14,0.08831134896680547
TRB_per36,1971,1985,0.08501460198585335,14,0.08627394751700204
TRB_per36,1972,1986,0.0774768551210404,14,0.08523475458580079
TRB_per36,1973,1987,0.09540180583952626,14,0.07972471392574117
TRB_per36,1974,1988,0.075252154516865,14,0.07582096018914836
TRB_per36,1975,1989,0.06547815216542083,14,0.07327679984841244
TRB_per36,1976,1990,0.06549583330288927,14,0.06895597529590651
TRB_per36,1977,1991,0.06475605341736085,14,0.06616182894747737
TRB_per36,1978,1992,0.07379768307699662,15,0.06453154726940444
TRB_per36,1979,1993,0.0612814227747192,15,0.06083523359511358
TRB_per36,1980,1994,0.0573267437750563,15,0.05538831042664779
TRB_per36,1981,1995,0.04701426493143493,15,0.05112725952978046
TRB_per36,1982,1996,0.037521437575031895,15,0.04689555461340393
TRB_per36,1983,1997,0.05249242859265997,16,0.04568979922343601
TRB_per36,1984,1998,0.040122898192836556,16,0.07850247475178544
TRB_per36,1985,1999,0.0512979668252167,16,0.09791148325450447
TRB_per36,1986,2000,0.2110776425731821,18,0.10987993524212589
TRB_per36,1987,2001,0.13456648008862704,18,0.12105923545881488
TRB_per36,1988,2002,0.11233468853076709,18,0.12748730201836472
TRB_per36,1989,2003,0.09601939927628146,19,0.10658971687966039
TRB_per36,1990,2004,0.08343829962296595,20,0.09726412914333817
AST_per36,1955,1969,0.0625046116609929,11,0.05628999508143809
AST_per36,1956,1970,0.05424577441540174,11,0.05499373686818071
AST_per36,1957,1971,0.052119599167919625,12,0.053823719381345045
AST_per36,1958,1972,0.05110496222840859,12,0.05188411461707072
AST_per36,1959,1973,0.049143649434002394,12,0.05133306434885734
AST_per36,1960,1974,0.05280658783962125,12,0.04852670794015397
AST_per36,1961,1975,0.05149052307433482,12,0.04441348325155826
AST_per36,1962,1976,0.038087817124402804,12,0.03974027082501462
AST_per36,1963,1977,0.03053883878543002,13,0.033971589493358184
AST_per36,1964,1978,0.025777587301284217,13,0.04745814619344564
AST_per36,1965,1979,0.023963181181339045,13,0.0640176569981036
AST_per36,1966,1980,0.11892330657477211,14,0.08236924449720599
AST_per36,1967,1981,0.12088537114769266,14,0.10319710870946057
AST_per36,1968,1982,0.1222967762809419,14,0.125110261030468
AST_per36,1969,1983,0.1299169083625571,14,0.12481507066218353
AST_per36,1970,1984,0.13352894278637617,14,0.12501605802502183
AST_per36,1971,1985,0.11744735473334988,14,0.1216770875178177
AST_per36,1972,1986,0.12189030796188406,14,0.11273916405012234
AST_per36,1973,1987,0.10560192374492118,14,0.09626261511064721
AST_per36,1974,1988,0.08522729102408033,14,0.08237236737103855
AST_per36,1975,1989,0.05114619808900056,14,0.06858777840097127
AST_per36,1976,1990,0.04799611603530664,14,0.05881165000906774
AST_per36,1977,1991,0.05296736311154766,14,0.04872670306284764
AST_per36,1978,1992,0.056721281785403525,15,0.043429065694874446
AST_per36,1979,1993,0.03480255629297979,15,0.03724512505770895
AST_per36,1980,1994,0.024658011249134606,15,0.03147804952660578
AST_per36,1981,1995,0.017076412849479184,15,0.030265322808319582
AST_per36,1982,1996,0.02413198545603179,15,0.03153257161985522
AST_per36,1983,1997,0.050657648193972546,16,0.03442370812954656
AST_per36,1984,1998,0.041138800350657964,16,0.04546620060409633
AST_per36,1985,1999,0.03911369379759134,16,0.054540958101922075
AST_per36,1986,2000,0.07228887522222797,18,0.052776513095460977
AST_per36,1987,2001,0.06950577294516058,18,0.06688540422927126
AST_per36,1988,2002,0.04183542316166701,18,0.08279032640985003
AST_per36,1989,2003,0.11168325601970941,19,0.08541568920675553
AST_per36,1990,2004,0.11863830470048514,20,0.09071899462728718
STL_per36,1955,1969,,0,
STL_per36,1956,1970,,0,
STL_per36,1957,1971,,0,
STL_per36,1958,1972,,0,
STL_per36,1959,1973,,0,
STL_per36,1960,1974,,0,
STL_per36,1961,1975,0.04097789827051192,2,0.15634905565597207
STL_per36,1962,1976,0.16574236238592366,8,0.17953863845409956
STL_per36,1963,1977,0.26232690631148065,10,0.1896783963091672
STL_per36,1964,1978,0.249107386848482,11,0.22452153237524103
STL_per36,1965,1979,0.23023742772943778,12,0.22538497212813552
STL_per36,1966,1980,0.215193578600881,13,0.20799292245642093
STL_per36,1967,1981,0.1700595611503962,13,0.19802604856706627
STL_per36,1968,1982,0.17536665795290768,13,0.18700362374865084
STL_per36,1969,1983,0.19927301740170875,13,0.17781470321079137
STL_per36,1970,1984,0.17512530363736054,13,0.1710651029208927
STL_per36,1971,1985,0.16924897591158378,14,0.16008007713173894
STL_per36,1972,1986,0.1363115597009028,14,0.1378506499313868
STL_per36,1973,1987,0.12044152900713874,14,0.12806213451964532
STL_per36,1974,1988,0.08812588139994817,14,0.11273999745418244
STL_per36,1975,1989,0.1261827265786531,14,0.10566515052761058
STL_per36,1976,1990,0.09263829058426935,14,0.09914690180640921
STL_per36,1977,1991,0.10093732506804358,14,0.10227451434984705
STL_per36,1978,1992,0.08785028540113192,15,0.0999877074667012
STL_per36,1979,1993,0.10376394411713727,15,0.10566690012430797
STL_per36,1980,1994,0.11474869216292392,15,0.10856610901509962
STL_per36,1981,1995,0.12103425387230321,15,0.12266237134930762
STL_per36,1982,1996,0.11543336952200171,15,0.13569175444941223
STL_per36,1983,1997,0.15833159707217204,16,0.14132676777535372
STL_per36,1984,1998,0.1689108596176604,16,0.2284558144417849
STL_per36,1985,1999,0.1429237587926313,16,0.26948279397551833
STL_per36,1986,2000,0.5566794872044589,18,0.31201347167939864
STL_per36,1987,2001,0.3205682671906693,18,0.3946890176965756
STL_per36,1988,2002,0.3709849855915731,18,0.5048911874010149
STL_per36,1989,2003,0.5822885897035455,19,0.4919441124501539
STL_per36,1990,2004,0.6939346073148278,20,0.5490693942033155
BLK_per36,1955,1969,,0,
BLK_per36,1956,1970,,0,
BLK_per36,1957,1971,,0,
BLK_per36,1958,1972,,0,
BLK_per36,1959,1973,,0,
BLK_per36,1960,1974,,0,
BLK_per36,1961,1975,0.013622237603502459,2,0.08934771772050228
BLK_per36,1962,1976,0.12649967564801712,8,0.093000589617667
BLK_per36,1963,1977,0.12792123990998727,10,0.10358307687394035
BLK_per36,1964,1978,0.10395920530916115,11,0.12144750354562532
BLK_per36,1965,1979,0.14591302589903368,12,0.1156221963794781
BLK_per36,1966,1980,0.10294437096192735,13,0.10651092218938132
BLK_per36,1967,1981,0.097373139817281,13,0.10577669126585403
BLK_per36,1968,1982,0.0823648689595034,13,0.09288622968778967
BLK_per36,1969,1983,0.10028805069152466,13,0.09056011917574094
BLK_per36,1970,1984,0.08146071800871195,13,0.08690650425097872
BLK_per36,1971,1985,0.09131381840168362,14,0.08608679854309835
BLK_per36,1972,1986,0.07910506519346996,14,0.07984910338586013
BLK_per36,1973,1987,0.07826634042010158,14,0.07256425191370088
BLK_per36,1974,1988,0.06909957490533354,14,0.06275656311066391
BLK_per36,1975,1989,0.045036460647915645,14,0.057074149068895276
BLK_per36,1976,1990,0.042275374386498844,14,0.05547565560291873
BLK_per36,1977,1991,0.05069299498462678,14,0.057894122185625195
BLK_per36,1978,1992,0.07027387309021882,15,0.06514961039562756
BLK_per36,1979,1993,0.08119190781886584,15,0.0692822161649983
BLK_per36,1980,1994,0.0813139016979275,15,0.06768201085793811
BLK_per36,1981,1995,0.06293840323335252,15,0.06360122747235801
BLK_per36,1982,1996,0.04269196844932588,15,0.05590949239385053
BLK_per36,1983,1997,0.049869956162318325,16,0.04558376368408969
BLK_per36,1984,1998,0.04273323242632842,16,0.05214531873504215
BLK_per36,1985,1999,0.029685258149123293,16,0.05863906932991512
BLK_per36,1986,2000,0.09574617848811483,18,0.05926530401425993
BLK_per36,1987,2001,0.0751607214236907,18,0.06590954226958004
BLK_per36,1988,2002,0.05300112958404245,18,0.07551580551557902
BLK_per36,1989,2003,0.07595442370292897,19,0.07045821227244507
BLK_per36,1990,2004,0.07771657437911818,20,0.06889070922202986
TOV_per36,1955,1969,,0,
TOV_per36,1956,1970,,0,
TOV_per36,1957,1971,,0,
TOV_per36,1958,1972,,0,
TOV_per36,1959,1973,,0,
TOV_per36,1960,1974,,0,
TOV_per36,1961,1975,,0,
TOV_per36,1962,1976,,0,
TOV_per36,1963,1977,,0,
TOV_per36,1964,1978,,0,
TOV_per36,1965,1979,0.6878775582267287,7,0.3835277691388826
TOV_per36,1966,1980,0.23945727781231732,9,0.3175254668350238
TOV_per36,1967,1981,0.2232484713776018,10,0.2795494181121986
TOV_per36,1968,1982,0.11951855992344743,11,0.1652090783819741
TOV_per36,1969,1983,0.1276452232208978,12,0.13526976225262877
TOV_per36,1970,1984,0.11617585957560615,13,0.1071914970241086
TOV_per36,1971,1985,0.08976069716559061,13,0.10107551624705177
TOV_per36,1972,1986,0.08285714523500103,13,0.09370641781708493
TOV_per36,1973,1987,0.08893865603816334,13,0.08892709692925306
TOV_per36,1974,1988,0.09079973107106352,13,0.09166824104621804
TOV_per36,1975,1989,0.09227925513644678,14,0.10216461878215255
TOV_per36,1976,1990,0.10346641775041553,14,0.10630968311770303
TOV_per36,1977,1991,0.1353390339146735,14,0.10858701744945856
TOV_per36,1978,1992,0.10966397771591584,15,0.11481665292485763
TOV_per36,1979,1993,0.10218640272984113,15,0.12197449438832712
TOV_per36,1980,1994,0.12342743251344215,15,0.12167728175515032
TOV_per36,1981,1995,0.13925562506776304,15,0.12863161270972648
TOV_per36,1982,1996,0.13385297074878946,15,0.13600678902699342
TOV_per36,1983,1997,0.14443563248879662,16,0.14232819449192655
TOV_per36,1984,1998,0.13906228431617587,16,0.16318942048457255
TOV_per36,1985,1999,0.15503445983810774,16,0.20642355284168173
TOV_per36,1986,2000,0.243561755030993,18,0.2527071354592802
TOV_per36,1987,2001,0.3500236325343356,18,0.32379688942505364
TOV_per36,1988,2002,0.37585354557678874,18,0.3962212312728158
TOV_per36,1989,2003,0.4945110541450431,19,0.43438610033327146
TOV_per36,1990,2004,0.5171561690769184,20,0.4625069229329168
PF_per36,1955,1969,0.2494973298003521,11,0.22527139942288113
PF_per36,1956,1970,0.2172924441980206,11,0.219344950308066
PF_per36,1957,1971,0.20902442427027065,12,0.21785525191000893
PF_per36,1958,1972,0.20156560296362064,12,0.20375248267210763
PF_per36,1959,1973,0.2118964583177807,12,0.19905923650736165
PF_per36,1960,1974,0.1789834836108456,12,0.20234061149776167
PF_per36,1961,1975,0.19382621337429068,12,0.21015530724562015
PF_per36,1962,1976,0.22543129922227081,12,0.19946434052292078
PF_per36,1963,1977,0.24063908170291295,13,0.2021526078795466
PF_per36,1964,1978,0.1584416247042838,13,0.21174046333983715
PF_per36,1965,1979,0.19242482039397457,13,0.21156822938933545
PF_per36,1966,1980,0.24176549067574382,14,0.2103951378690309
PF_per36,1967,1981,0.2245701294697621,14,0.22913659735052416
PF_per36,1968,1982,0.23477362410139027,14,0.23759017361855123
PF_per36,1969,1983,0.25214892211175016,14,0.23436689699846708
PF_per36,1970,1984,0.23469270173410978,14,0.2346273540205314
PF_per36,1971,1985,0.2256491075753232,14,0.2381345728057546
PF_per36,1972,1986,0.22587241458008345,14,0.2436617641376934
PF_per36,1973,1987,0.25230971802750635,14,0.23933992159232959
PF_per36,1974,1988,0.27978487877144415,14,0.22820856362357217
PF_per36,1975,1989,0.21308348900729088,14,0.2136191369037701
PF_per36,1976,1990,0.16999231773153609,14,0.1984252979477133
PF_per36,1977,1991,0.15292528098107305,14,0.17937520607888918
PF_per36,1978,1992,0.17634052324722238,15,0.17400650229941336
PF_per36,1979,1993,0.18453441942732343,15,0.2113447791295738
PF_per36,1980,1994,0.18623997010991186,15,0.25288897677399574
PF_per36,1981,1995,0.35668370188233844,15,0.28521272971252865
PF_per36,1982,1996,0.3606462692031827,15,0.3109640574568675
PF_per36,1983,1997,0.3379592879398868,16,0.33585937389686377
PF_per36,1984,1998,0.3132910581490176,16,0.36608854464184726
PF_per36,1985,1999,0.3107165523098935,16,0.3705350477401941
PF_per36,1986,2000,0.5078295556072557,18,0.3708405346776875
PF_per36,1987,2001,0.3828787846949167,18,0.384929769948833
PF_per36,1988,2002,0.339486722627354,18,0.4047921562796549
PF_per36,1989,2003,0.383737234504745,19,0.3790328064477547
PF_per36,1990,2004,0.41002848396400293,20,0.3777508136987007
TS_pct,1955,1969,0.5565784676000463,11,0.5124173177087773
TS_pct,1956,1970,0.45307185830278973,11,0.5030198856790123
TS_pct,1957,1971,0.5276016272234958,12,0.49877815693434896
TS_pct,1958,1972,0.47482758958971755,12,0.458457545274336
TS_pct,1959,1973,0.48181124195569536,12,0.428241478624952
TS_pct,1960,1974,0.3549754092999816,12,0.3871766480180926
TS_pct,1961,1975,0.3019915250558694,12,0.3546506321356552
TS_pct,1962,1976,0.322277474189199,12,0.32162764544482575
TS_pct,1963,1977,0.3121975101775305,12,0.31340347362062854
TS_pct,1964,1978,0.31669630850154823,13,0.444013292988476
TS_pct,1965,1979,0.31385455017899566,13,0.5576991677379083
TS_pct,1966,1980,0.955040621895107,14,0.6722696576475113
TS_pct,1967,1981,0.8907068479363601,14,0.7807365132850042
TS_pct,1968,1982,0.8850499597255463,14,0.8487741927106537
TS_pct,1969,1983,0.859030586689012,14,0.786008816674352
TS_pct,1970,1984,0.6540429473072433,14,0.7513992457575296
TS_pct,1971,1985,0.6412137417135982,14,0.7357255089638955
TS_pct,1972,1986,0.717658993352248,14,0.725626264351739
TS_pct,1973,1987,0.8066812757573758,14,0.6391896255817275
TS_pct,1974,1988,0.8085343636282298,14,0.5463670208959452
TS_pct,1975,1989,0.221859753457186,14,0.4370919725333839
TS_pct,1976,1990,0.1771007182846861,14,0.34098387560038845
TS_pct,1977,1991,0.17128375153944195,14,0.2994203249349302
TS_pct,1978,1992,0.32614079109239835,15,0.39513506515678076
TS_pct,1979,1993,0.6007166103009387,15,0.5172960176329903
TS_pct,1980,1994,0.7004334545664387,15,0.6373244963684858
TS_pct,1981,1995,0.7879054806657336,15,0.7312271053775474
TS_pct,1982,1996,0.7714261452169193,15,0.766188458153719
TS_pct,1983,1997,0.7956538361377063,16,0.7652465149690039
TS_pct,1984,1998,0.7755233741817974,16,1.005399422078253
TS_pct,1985,1999,0.6957237386428623,16,1.1537647052302968
TS_pct,1986,2000,1.9886700162119793,18,1.286381734037812
TS_pct,1987,2001,1.513252560977139,18,1.3908682178617384
TS_pct,1988,2002,1.4587389801752826,18,1.7657880775218806
TS_pct,1989,2003,1.2979557933014287,19,1.710067592849356
TS_pct,1990,2004,2.570323036943575,20,1.7756726034734285
