personId,PlayerName,total_minutes_2018_2024
1628369,Jayson Tatum,17561
203468,CJ McCollum,16408
1628378,Donovan Mitchell,16012
1628969,Mikal Bridges,15479
1628368,De'Aaron Fox,15420
1628398,Kyle Kuzma,14919
1628389,Bam Adebayo,14680
1629029,Luka Doncic,13943
1629027,Trae Young,13883
1626220,Royce O'Neale,13880
1628386,Jarrett Allen,13724
1628404,Josh Hart,13232
203992,Bogdan Bogdanovic,12952
1628983,Shai Gilgeous-Alexander,12692
1628381,John Collins,12518
1628374,Lauri Markkanen,12481
1628415,Dillon Brooks,12115
1628973,Jalen Brunson,11940
1628989,Kevin Huerter,11888
1628401,Derrick White,11506
1627752,Taurean Prince,11256
1629028,Deandre Ayton,11065
1628970,Miles Bridges,11042
1629628,RJ Barrett,10946
1626224,Cedi Osman,10816
1627732,Ben Simmons,10790
1628971,Bruce Brown,10453
1628384,O.G. Anunoby,10447
1629012,Collin Sexton,10399
1630162,Anthony Edwards,10392
1629636,Darius Garland,10391
1629632,Coby White,10116
1629023,P.J. Washington,10081
1628370,Malik Monk,9889
1629673,Jordan Poole,9349
1628379,Luke Kennard,9287
1628420,Monte Morris,9239
1629130,Duncan Robinson,9227
1628467,Maxi Kleber,9190
1629639,Tyler Herro,9037
1628978,Donte DiVincenzo,9007
1630180,Saddiq Bey,8804
1629640,Keldon Johnson,8762
1628976,Wendell Carter Jr.,8688
1628960,Grayson Allen,8685
1628470,Torrey Craig,8600
1629652,Luguentz Dort,8547
1630169,Tyrese Haliburton,8546
1628984,Devonte' Graham,8359
1629630,Ja Morant,8282
1627936,Alex Caruso,8247
1629684,Grant Williams,8231
1630178,Tyrese Maxey,8228
1628366,Lonzo Ball,8187
1629014,Anfernee Simons,8127
1629631,De'Andre Hunter,8080
1629001,De'Anthony Melton,8026
1630183,Jaden McDaniels,7835
1629011,Mitchell Robinson,7830
1630171,Isaac Okoro,7694
1629611,Terance Mann,7687
1629013,Landry Shamet,7627
1628372,Dennis Smith Jr.,7602
1630166,Deni Avdija,7518
1629060,Rui Hachimura,7476
1629008,Michael Porter Jr.,7443
1630567,Scottie Barnes,7389
1630193,Immanuel Quickley,7375
1630532,Franz Wagner,7375
1630224,Jalen Green,7341
1629006,Josh Okogie,7327
1629661,Cameron Johnson,7222
1628464,Daniel Theis,7111
1630217,Desmond Bane,7070
1629680,Matisse Thybulle,6959
200755,JJ Redick,6799
1628972,Troy Brown Jr.,6776
1628367,Josh Jackson,6718
1630175,Cole Anthony,6701
1629026,Kenrich Williams,6645
202683,Enes Freedom,6621
1629622,Max Strus,6611
1630529,Herbert Jones,6607
1630596,Evan Mobley,6579
1628988,Aaron Holiday,6575
1629022,Lonnie Walker IV,6549
1630245,Ayo Dosunmu,6420
1630170,Devin Vassell,6419
1628449,Chris Boucher,6354
1628997,Caleb Martin,6342
1629675,Naz Reid,6272
1629655,Daniel Gafford,6263
1628963,Marvin Bagley III,6203
1628380,Zach Collins,6160
1629651,Nic Claxton,6142
1630191,Isaiah Stewart,6107
1630581,Josh Giddey,6079
1627814,Damion Lee,6044
1630557,Corey Kispert,5962
1628975,Jevon Carter,5959
1628365,Markelle Fultz,5939
1630172,Patrick Williams,5903
1630559,Austin Reaves,5890
1630163,LaMelo Ball,5870
1629638,Nickeil Alexander-Walker,5868
1629003,Shake Milton,5863
1629627,Zion Williamson,5857
1630256,Jae'Sean Tate,5808
1628392,Isaiah Hartenstein,5787
1630578,Alperen Sengun,5706
1628964,Mo Bamba,5702
1629020,Jarred Vanderbilt,5597
1630200,Tre Jones,5539
1629647,Darius Bazley,5536
1628995,Kevin Knox II,5523
1629021,Moritz Wagner,5487
1630165,Killian Hayes,5479
1628373,Frank Ntilikina,5453
1627788,Furkan Korkmaz,5447
1629629,Cam Reddish,5287
1631094,Paolo Banchero,5228
1630173,Precious Achiuwa,5226
1629659,Talen Horton-Tucker,5218
1629634,Brandon Clarke,5185
1629234,Drew Eubanks,5138
1630174,Aaron Nesmith,5054
1630530,Trey Murphy III,5002
1631099,Keegan Murray,4970
1628418,Thomas Bryant,4948
1629637,Jaxson Hayes,4928
1628977,Hamidou Diallo,4917
1628382,Justin Jackson,4886
1630168,Onyeka Okongwu,4847
203920,Khem Birch,4826
1630202,Payton Pritchard,4737
1629723,John Konchar,4715
1630167,Obi Toppin,4694
1629726,Garrison Mathews,4656
1629004,Svi Mykhailiuk,4627
1630558,Davion Mitchell,4624
1630591,Jalen Suggs,4577
1629134,Kendrick Nunn,4576
1628966,Keita Bates-Diop,4566
1630595,Cade Cunningham,4562
1628371,Jonathan Isaac,4550
1629667,Jalen McDaniels,4543
1630228,Jonathan Kuminga,4529
1630182,Josh Green,4528
1631093,Jaden Ivey,4522
1628998,Cody Martin,4504
1631114,Jalen Williams,4499
1630230,Naji Marshall,4485
1628425,Sterling Brown,4459
1627823,Juancho Hernangomez,4427
1629057,Robert Williams III,4403
1629216,Gabe Vincent,4303
1629731,Dean Wade,4263
1628422,Damyean Dotson,4242
1629599,Amir Coffey,4207
1630560,Cam Thomas,4198
1628400,Semi Ojeleye,4111
1628407,Dwayne Bacon,4012
1628390,Terrance Ferguson,4001
1630214,Xavier Tillman,3940
1627853,Ryan Arcidiacono,3940
1629656,Quentin Grimes,3932
1629052,Oshae Brissett,3932
1628436,Luke Kornet,3907
1628402,Frank Jackson,3873
1630198,Isaiah Joe,3833
1629643,Chuma Okeke,3831
1628411,Wes Iwundu,3828
1629614,Andrew Nembhard,3770
1631097,Bennedict Mathurin,3761
1630177,Theo Maledon,3753
1629642,Nassir Little,3736
1629162,Jordan McLaughlin,3735
1630598,Aaron Wiggins,3734
1629056,Terence Davis,3661
1630583,Santi Aldama,3660
1631110,Jeremy Sochan,3651
1629002,Chimezie Metu,3565
1630544,Tre Mann,3538
1631105,Jalen Duren,3448
1630197,Aleksej Pokusevski,3429
1630208,Nick Richards,3406
1630188,Jalen Smith,3405
1629670,Jordan Nwora,3358
1629669,Jaylen Nowell,3351
1631117,Walker Kessler,3196
1630205,Lamar Stevens,3193
1630573,Sam Hauser,3188
1629048,Goga Bitadze,3175
1630631,Jose Alvarado,3172
1629750,Javonte Green,3171
1630537,Chris Duarte,3158
1631103,Malaki Branham,3144
1629308,Juan Toscano-Anderson,3127
1630181,R.J. Hampton,3116
1629672,Eric Paschall,3085
202954,Brad Wanamaker,3085
1630552,Jalen Johnson,3051
1630201,Malachi Flynn,3032
1630533,Ziaire Williams,2945
1630538,Bones Hyland,2936
1630570,Trendon Watford,2908
1629676,Isaiah Roby,2859
1630534,Ochai Agbaji,2851
1629139,Yuta Watanabe,2840
1631101,Shaedon Sharpe,2838
1631128,Christian Braun,2837
1630194,Paul Reed,2824
1630164,James Wiseman,2794
1627885,Shaquille Harrison,2780
1629660,Ty Jerome,2747
1630267,Facundo Campazzo,2661
1627846,Abdel Nader,2583
1630541,Moses Moody,2580
2747,JR Smith,2545
1629312,Haywood Highsmith,2538
1629633,Jarrett Culver,2480
1630540,Miles McBride,2460
1631223,David Roddy,2436
1631096,Chet Holmgren,2413
1631323,Simone Fontecchio,2410
1630700,Dyson Daniels,2401
1630192,Zeke Nnaji,2399
1641706,Brandon Miller,2383
101139,CJ Miles,2356
1630543,Isaiah Jackson,2354
1629111,Jock Landale,2331
1631133,Jabari Walker,2320
1629626,Bol Bol,2302
1629641,Romeo Langford,2268
1628410,Edmond Sumner,2256
1631106,Tari Eason,2247
1629109,Gary Clark,2239
1630526,Jeremiah Robinson-Earl,2235
1628981,Bruno Fernando,2179
1630692,Jordan Goodwin,2167
1630528,Josh Christopher,2120
1628035,Alfonzo McKinnie,2115
1631170,Jaime Jaquez Jr.,2113
1641705,Victor Wembanyama,2106
1629066,Rodions Kurucs,2102
1630587,Isaiah Livers,2051
1641718,Keyonte George,2023
1630625,Dalano Banton,2021
1630550,JT Thor,2011
1628396,Tony Bradley,1995
1628408,PJ Dozier,1974
1641764,Brandin Podziemski,1968
1630579,Jericho Sims,1952
1630240,Saben Lee,1943
1629117,Wenyen Gabriel,1939
1628395,Jordan Bell,1938
1628385,Harry Giles III,1935
1629067,Isaac Bonga,1870
1630549,Day'Ron Sharpe,1864
1628391,D.J. Wilson,1818
1631119,Jaylin Williams,1811
1629650,Moses Brown,1792
1628990,Chandler Hutchison,1790
1630577,Julian Champagnie,1788
1630264,Anthony Gill,1773
1630703,Scoot Henderson,1765
1630235,Trent Forrest,1758
1629019,Allonzo Trier,1749
1630184,Kira Lewis Jr.,1745
1641739,Toumani Camara,1739
1628414,Sindarius Thornwell,1722
1641731,Bilal Coulibaly,1715
1627820,Tyrone Wallace,1714
1628384,OG Anunoby,1702
1630702,Jaden Hardy,1698
1641717,Cason Wallace,1692
1629016,Omari Spellman,1691
1629010,Jerome Robinson,1686
1628416,Tyler Dorsey,1680
1629059,Elie Okobo,1677
1631212,Peyton Watson,1674
1631121,Bryce McGowens,1669
201601,Luc Mbah a Moute,1650
1630556,Kessler Edwards,1648
1629635,Sekou Doumbouya,1639
1631216,Caleb Houstan,1628
1630237,Anthony Lamb,1618
1628412,Frank Mason III,1617
1629164,Brandon Goodwin,1609
1629740,Nicolo Melli,1608
1641709,Ausar Thompson,1583
1631100,AJ Griffin,1572
1631104,Blake Wesley,1545
1631246,Vince Williams Jr.,1541
1630572,Sandro Mamukelashvili,1518
1627790,Ante Zizic,1517
1629717,Armoni Brooks,1468
1631108,Max Christie,1457
1630241,Sam Merrill,1418
1630249,Vit Krejci,1397
1628427,Vlatko Cancar,1392
1641708,Amen Thompson,1389
1629678,Admiral Schofield,1373
1629604,CJ Elleby,1367
1630527,Brandon Boston Jr.,1354
1631204,Marcus Sasser,1351
1631200,Kris Murray,1348
1631109,Mark Williams,1336
1630688,Ish Wainright,1336
1630209,Omer Yurtseven,1335
1630699,MarJon Beauchamp,1309
1628432,Davon Reed,1300
1641726,Dereck Lively II,1294
1628462,Milos Teodosic,1284
1630322,Lindy Waters III,1276
1641711,Gradey Dick,1268
1629103,Kelan Martin,1267
1628388,T.J. Leaf,1238
1628397,Ivan Rabb,1236
1641713,GG Jackson,1233
1630586,Usman Garuba,1227
1629744,Matt Thomas,1226
1630227,Daishen Nix,1226
1631222,Jake LaRavia,1220
1641871,Duop Reath,1214
1628539,Mychal Mulder,1209
203995,Vasilije Micic,1176
1630553,Keon Johnson,1174
1630678,Terry Taylor,1165
1641710,Anthony Black,1164
1641722,Jordan Hawkins,1161
1628469,Antonio Blakeney,1143
1631218,Trayce Jackson-Davis,1130
1630219,Skylar Mays,1111
1631107,Nikola Jovic,1101
1629685,Dylan Windler,1091
1629033,Theo Pinson,1082
1630563,Joshua Primo,1069
1630647,Eugene Omoruyi,1056
1631165,Keon Ellis,1049
1629185,Chris Chiozza,1038
1629065,Ky Bowman,1015
1630215,Jared Butler,1002
1629644,KZ Okpala,965
1631260,AJ Green,959
1631172,Ousmane Dieng,934
1629677,Luka Samanic,922
1630547,James Bouknight,901
1631207,Dalen Terry,895
1629646,Charles Bassey,881
1641715,Cam Whitmore,880
1641707,Taylor Hendricks,856
1628393,Jawun Evans,842
1629649,Ignas Brazdeikis,838
1630233,Nathan Knight,837
203710,C.J. Williams,835
1631230,Dominick Barlow,827
1641767,Ben Sheppard,814
1631132,Christian Koloko,802
1630535,Greg Brown III,773
1630568,Luka Garza,754
1630231,KJ Martin,746
1628424,Kobi Simmons,740
1631367,Jacob Gilyard,739
1631115,Orlando Robinson,729
1641733,Nick Smith Jr.,729
1628962,Udoka Azubuike,723
1630346,Matt Ryan,706
1629035,Carsen Edwards,705
1629076,Tyler Cook,691
1629610,DaQuan Jeffries,689
1628413,Jonah Bolden,686
1629671,Miye Oni,673
1630592,Jalen Wilson,665
1629658,Jaylen Hoard,662
1628403,Caleb Swanigan,655
1641854,Craig Porter Jr.,649
1629681,Killian Tillie,642
1628443,Kadeem Allen,640
1629151,Ryan Broekhoff,634
1641712,Rayan Rupert,633
1630846,Olivier Sarr,633
1628980,Jacob Evans,622
1630561,David Duke Jr.,620
1630539,Kai Jones,612
1630548,Johnny Juzang,604
1629126,Deonte Burton,603
1630531,Jaden Springer,602
1641729,Brice Sensabaugh,584
203464,Brandon Paul,576
1641998,Trey Jemison,574
1641748,Andre Jackson Jr.,572
1628993,Alize Johnson,568
1626208,Keifer Sykes,566
1628515,Isaiah Briscoe,559
1630590,Scotty Pippen Jr.,558
1628463,Tyler Cavanaugh,558
1629140,Johnathan Williams,552
1630551,Justin Champagnie,550
1631124,Julian Strawther,545
1629713,Justin James,543
1628778,Paul Watson,540
1629735,Chris Silva,533
1629603,Mamadi Diakite,529
1629058,Dzanan Musa,527
1628426,Sasha Vezenkov,511
1630273,Freddie Gillespie,511
1630288,Jeff Dowtin Jr.,509
1628476,Derrick Walton Jr.,504
1631288,Jamal Cain,499
1630190,Elijah Hughes,498
1631116,Patrick Baldwin Jr.,494
1631102,TyTy Washington Jr.,489
1627824,Guerschon Yabusele,486
1629741,Marko Guduric,484
1629674,Neemias Queta,482
1627858,Kyle Collinsworth,480
1631303,Justin Minaya,470
1630284,Kevon Harris,463
1630271,Brodric Thomas,459
1629121,Jaylen Adams,446
1628394,Anzejs Pasecniks,443
1631197,Jared Rhoden,443
1629620,Justin Robinson,440
1628417,Jaron Blossomgame,439
1629657,Kyle Guy,431
1629833,Keljin Blevins,424
1630639,A.J. Lawson,419
1629007,Jontay Porter,414
1630222,Mason Jones,413
1631311,Lester Quinones,413
1629017,Khyri Thomas,410
1629718,Charlie Brown Jr.,407
1629682,Tremont Waters,407
1631241,Javon Freeman-Liberty,403
1629617,Reggie Perry,398
1627883,Jalen Jones,396
1641738,Kobe Brown,394
1630210,Markus Howard,381
1629662,Mfiondu Kabengele,381
1627988,Myke Henry,378
1631254,Kenneth Lofton Jr.,374
1628405,Johnathan Motley,373
1641730,Noah Clowney,370
1641787,Tosan Evbuomwan,367
1630185,Nico Mannion,364
1626259,Malcolm Miller,355
1630593,McKinley Wright IV,354
1630186,Jahmi'us Ramsey,350
1641716,Jarace Walker,340
1641765,Olivier-Maxence Prosper,336
1630221,Josh Hall,336
1630285,Zavier Simpson,335
203658,Norvel Pelle,334
1641763,Julian Phillips,323
1630204,Ashton Hagans,320
1629752,Juwan Morgan,313
1629743,Donta Hall,312
1630195,Leandro Bolmaro,309
1630649,Stanley Umude,309
1630243,Trevelin Queen,309
1641877,Nathan Mensah,307
1629730,Rayjon Tucker,300
1629244,Cam Reynolds,300
1628383,Justin Patton,295
1629623,Lindell Wigginton,293
1629598,Chris Clemons,291
1628982,Melvin Frazier Jr.,290
1628681,Rodney Purvis,290
1630696,Dru Smith,289
1641741,Ricky Council IV,289
1641778,Leaky Black,284
1631113,Kennedy Chandler,282
1629663,Louis King,280
1628503,Jamel Artis,279
1629875,Xavier Moon,276
203966,Jamil Wilson,274
1629714,Jarrell Brantley,273
1629683,Quinndary Weatherspoon,272
1628439,Isaiah Hicks,272
1630695,Micah Potter,269
1641931,Onuralp Bitim,268
1630466,Gabriel Deck,267
1630296,Braxton Key,266
1631217,Moussa Diabate,260
1630580,Joe Wieskamp,255
203705,Josh Magette,254
1627395,Julian Washburn,254
1629648,Jordan Bone,249
1630199,Cassius Stanley,248
1630206,Jay Scrubb,236
1627772,Daniel Hamilton,232
1631111,Wendell Moore Jr.,228
1629719,Devontae Cacok,228
1629605,Tacko Fall,227
1631116,Patrick Baldwin,226
1630641,Ibou Badji,226
1631221,Collin Gillespie,225
1628409,Alec Peters,225
1629346,Alen Smailagic,223
1630792,Malcolm Hill,221
1631219,John Butler Jr.,221
1629962,Devin Cannady,219
1629102,Brandon Sampson,214
1630686,Georgios Kalaitzakis,213
1628510,Andrew White III,209
1627215,Walt Lemon Jr.,202
1630606,Javonte Smart,201
1629168,BJ Johnson,197
1641723,Kobe Bufkin,196
1630554,Jason Preston,195
1629061,Deng Adel,194
1630611,Gui Santos,192
1641732,Colby Jones,192
1629653,Devon Dotson,188
1630187,Daniel Oturu,188
1631169,Josh Minott,188
1630176,Vernon Carey Jr.,187
1629712,Didi Louzada,186
1630691,Jamorko Pickett,176
204066,John Holland,175
1629725,Jeremiah Martin,174
1631205,Buddy Boeheim,174
1630223,Jalen Harris,172
1629755,Hassani Gravett,171
1630207,Nate Hinton,170
1629738,Vincent Poirier,169
1628499,Antonius Cleveland,168
1629690,Adam Mokoka,168
1629541,Dairis Bertans,167
1629034,Ray Spalding,166
1630698,Kevin Pangos,166
1631123,Jamaree Bouyea,165
1630643,Jay Huff,165
1626177,Dakari Johnson,161
1629686,Deividas Sirvydis,160
1629203,Jemerrio Jones,158
1630253,Sean McDermott,158
1630600,Isaiah Mobley,156
1641774,Tristan Vukcevic,153
1629716,Marques Bolden,153
1630610,DeJon Jarreau,150
1631262,Jules Bernard,149
1631245,Quenton Jackson,145
1626187,Michael Frazier II,145
1628537,Jaylen Morris,143
1629015,Zhaire Smith,143
1628518,Amile Jefferson,143
1631321,Sidy Cissoko,141
1631157,Ryan Rollins,140
1629751,Dakota Mathias,140
1630216,Cassius Winston,137
1630225,Isaiah Todd,136
1641734,Emoni Bates,133
1628513,Naz Mitrou-Long,131
1628419,Cameron Oliver,131
1631298,Jack White,130
1630585,Marcus Garrett,128
1631306,Cole Swider,128
1631466,Jeenathan Williams,127
1641645,Xavier Cooks,126
1641851,Timmy Allen,125
1627753,Zhou Qi,125
1628495,Milton Doyle,125
1628502,Nigel Hayes,122
1629618,Jalen Pickett,122
1641970,Maozinha Pereira,122
1628959,Rawle Alkins,120
1631338,Mouhamadou Gueye,120
1627821,James Webb III,120
1628504,Xavier Rathan-Mayes,118
1628444,Jabari Bird,115
1630562,Matt Hurt,113
1629123,Jared Terrell,111
1627982,Josh Gray,109
1641720,Jalen Hood-Schifino,109
1628421,Devin Robinson,108
1642013,Malik Williams,107
1631120,JD Davison,105
1629133,Daryl Macon,104
1630602,Chaundee Brown,104
1641721,Maxwell Lewis,103
1631112,Kendall Brown,103
1629606,Robert Franks,101
1629045,Bonzie Colson,98
1628399,Tyler Lydon,96
1641753,Chris Livingston,91
1630211,Karim Mane,88
1630218,Robert Woodard II,88
1630270,Xavier Sneed,87
1628961,Kostas Antetokounmpo,86
1631173,Terquavion Smith,84
1641775,Jordan Walsh,83
1631160,Jordan Hall,83
1628985,Devon Hall,81
1630637,Carlik Jones,79
201281,Andre Ingram,79
1628221,Gabe York,77
204179,Omari Johnson,75
1630564,RaiQuan Gray,74
1630238,Malik Fitts,74
1630758,Aleem Ford,74
1631243,Mouhamed Gueye,73
1630582,Yves Pons,71
1630189,Tyler Bey,71
1626154,RJ Hunter,71
1629094,Marcus Derrickson,67
1629607,Jared Harper,67
1631220,Dereon Seabron,67
1641724,Jett Howard,67
1641749,Keyontae Johnson,66
1641766,Adama Sanogo,66
1631213,Tyrese Martin,66
1628506,London Perrantes,66
1630644,Mac McClung,65
1641735,Amari Bailey,65
1628492,Gian Clavell,64
1628656,Billy Garrett,63
1630612,RJ Nembhard,63
1629724,Vic Law,62
1631257,Jermaine Samuels Jr.,60
1630179,Tyrell Terry,59
1630658,Colin Castleton,59
1629353,Isaac Humphries,56
1629597,Zylan Cheatham,56
1628070,Jordan Loyd,55
1630250,Marko Simonovic,55
1631159,Leonard Miller,52
1628987,Kevin Hervey,52
1629619,Myles Powell,52
1641754,Seth Lundy,52
1628430,Nigel Williams-Goss,50
1641816,Hunter Tyson,48
1630234,Ty-Shon Alexander,47
1628249,Mitchell Creek,47
1630787,Cameron McGriff,46
1628968,Brian Bowen II,46
1629625,Justin Wright-Foreman,45
1630994,Gabriel Lundberg,44
1629665,Jalen Lecque,44
1631131,Oscar Tshiebwe,42
1641793,D'Moi Hodge,41
1629147,Joe Chealey,41
1629150,Emanuel Terry,41
1629668,Zach Norvell Jr.,41
1631386,Taze Moore,40
1641788,Alex Fudge,40
1628605,Dusty Hannahs,39
1630536,Sharife Cooper,39
1631210,Jacob Toppin,38
1628429,Charles Cooke,38
1627822,Petr Cornelie,38
1641771,Jalen Slawson,37
1630648,Jordan Schakel,36
1629118,Thomas Welsh,36
1628387,Ike Anigbogu,36
1630618,D.J. Carton,36
1628935,Aaron Jackson,34
1628451,Jacob Wiley,33
1627856,Matt Costello,32
1629091,Elijah Bryant,32
1630929,Henri Drell,30
1641926,Dexter Dennis,30
1628578,Amida Brimah,29
1631309,Trevor Hudgins,28
1629729,Josh Reaves,28
1629608,Dewan Hernandez,28
1641757,Jordan Miller,28
1627779,Marcus Paige,28
1629621,Marial Shayok,28
1631250,Pete Nance,27
1630203,Grant Riller,27
1627866,Jameel Warney,27
1630268,Nate Darling,26
1630311,Pat Spencer,26
1630620,Darius Days,25
1641727,Dariq Whitehead,24
1630604,E.J. Liddell,23
1641809,Drew Peterson,23
1630259,Jordan Ford,22
1629152,DeVaughn Akoon-Purcell,22
1631214,Alondes Williams,21
1628435,Chance Comanche,21
1629760,Matt Mooney,21
1630555,Joel Ayayi,20
1628493,Mangok Mathiang,20
1628450,Eric Mika,19
1628591,Craig Sword,19
203949,James Michael McAdoo,18
1629122,J.P. Macura,17
1630565,Aaron Henry,17
1629309,Trayvon Palmer,17
1629053,Vincent Edwards,16
1628505,Troy Caupain,16
1629745,Tariq Owens,15
1629742,Stanton Kidd,15
1629116,Angel Delgado,15
1630589,Moses Wright,15
1641745,Adam Flagler,14
1641847,Andrew Funk,13
1629734,Kyle Alexander,13
1629739,William Howard,13
1628999,Yante Maten,13
1627760,Cat Barber,13
1629600,Jarron Cumberland,12
204222,Greg Whittington,12
1628475,Matt Williams Jr.,11
1629005,Malik Newman,11
1630286,Tre Scott,11
1630605,JaQuori McLaughlin,11
1630306,Rob Edwards,11
1629044,Shamorie Ponds,11
1629783,Shaq Buchanan,10
1630196,Filip Petrusev,9
1628500,Ben Moore,9
1630640,MJ Walker,8
1630624,Feron Hunt,8
1631211,Trevor Keels,8
1628769,Tahjere McCall,8
1631320,Chima Moneke,8
1630257,Jon Teske,8
1628571,Erik McCree,8
1629232,Kaiser Gates,7
1626205,Vincent Hunter,7
1628238,Paris Bass,7
203474,DJ Stephens,7
203687,Reggie Hearn,7
1629873,Jaysean Paige,7
1630575,Scottie Lewis,7
1626643,Jacob Pullen,6
1628979,Trevon Duval,6
1629083,Arnoldas Kulboka,5
1631209,Isaiah Wong,4
1631495,Donovan Williams,4
1626296,Jordan Sibert,4
1629155,Zach Lofton,4
1641806,Markquis Nowell,4
1631167,Izaiah Brockington,3
1630266,Will Magnay,3
1630693,Jamie Echenique,3
1629602,Javin DeLaurier,3
1630622,Jalen Crutcher,3
1630608,Malcolm Cazalon,3
1629055,Donte Grantham,2
1631376,Dmytro Skapintsev,2
1630525,David Johnson,2
1629788,Tyler Hall,2
1630278,Ade Murkey,1
203590,Trey McKinney-Jones,1
1630701,Michael Foster Jr.,1
1629093,Tyler Davis,1
1629958,Ahmad Caver,1
